66ec61,127.0.0.1,GET,http://localhost/www.silex.local/public/,1484082972,,200
226d9c,127.0.0.1,GET,http://localhost/www.silex.local/public/connexion,1484083036,,200
819cc9,127.0.0.1,GET,http://localhost/www.silex.local/public/connexion,1484083142,,200
d7b0af,127.0.0.1,POST,http://localhost/www.silex.local/public/login_check,1484083146,,302
b2fe85,127.0.0.1,GET,http://localhost/www.silex.local/public/,1484083147,,200
399a09,127.0.0.1,GET,http://localhost/www.silex.local/public/,1484083153,,200
5fee81,127.0.0.1,GET,http://localhost/www.silex.local/public/,1484083205,,200
56a6a0,127.0.0.1,GET,http://localhost/www.silex.local/public/,1484083556,,200
c250e3,127.0.0.1,GET,http://localhost/www.silex.local/public/,1484083597,,200
fdbcd5,127.0.0.1,GET,http://localhost/www.silex.local/public/,1484083868,,200
840ffb,127.0.0.1,GET,http://localhost/www.silex.local/public/,1484083943,,200
4f01e7,127.0.0.1,GET,http://localhost/www.silex.local/public/,1484084100,,200
678b02,127.0.0.1,GET,http://localhost/www.silex.local/public/playlist/0,1484084110,,302
b82848,127.0.0.1,GET,http://localhost/www.silex.local/public/playlist/0,1484084110,,302
88363a,127.0.0.1,GET,http://localhost/www.silex.local/public/,1484084112,,200
233999,127.0.0.1,GET,http://localhost/www.silex.local/public/playlist/0,1484084117,,302
838a5b,127.0.0.1,GET,http://localhost/www.silex.local/public/,1484084118,,200
627362,127.0.0.1,GET,http://localhost/www.silex.local/public/,1484084121,,200
4a939a,127.0.0.1,GET,http://localhost/www.silex.local/public/,1484084124,,200
d063df,127.0.0.1,GET,http://localhost/www.silex.local/public/,1484084135,,200
b9107c,127.0.0.1,GET,http://localhost/www.silex.local/public/playlist/0,1484084137,,302
adff65,127.0.0.1,GET,http://localhost/www.silex.local/public/,1484084139,,200
f19d80,127.0.0.1,GET,http://localhost/www.silex.local/public/,1484084160,,200
ce5fd4,127.0.0.1,GET,http://localhost/www.silex.local/public/edit,1484085977,,200
4b58d2,127.0.0.1,GET,http://localhost/www.silex.local/public/edit,1484085988,,200
7054c2,127.0.0.1,GET,http://localhost/www.silex.local/public/edit,1484087470,,200
f693bc,127.0.0.1,GET,http://localhost/www.silex.local/public/edit,1484087770,,200
d32abc,127.0.0.1,GET,http://localhost/www.silex.local/public/edit,1484087822,,200
4c7211,127.0.0.1,GET,http://localhost/www.silex.local/public/,1484088738,,200
c7a55d,127.0.0.1,GET,http://localhost/www.silex.local/public/,1484088739,,200
608249,127.0.0.1,GET,http://localhost/www.silex.local/public/,1484088827,,200
545825,127.0.0.1,GET,http://localhost/www.silex.local/public/edit,1484088833,,200
60f89d,127.0.0.1,GET,http://localhost/www.silex.local/public/,1484088837,,200
94c12f,127.0.0.1,GET,http://localhost/www.silex.local/public/logout,1484088840,,302
523404,127.0.0.1,GET,http://localhost/www.silex.local/public/,1484088841,,200
018264,127.0.0.1,GET,http://localhost/www.silex.local/public/connexion,1484088847,,200
3204a1,127.0.0.1,POST,http://localhost/www.silex.local/public/login_check,1484088852,,302
b61a55,127.0.0.1,GET,http://localhost/www.silex.local/public/,1484088853,,200
97f1f3,127.0.0.1,GET,http://localhost/www.silex.local/public/list,1484088858,,200
a4dc29,127.0.0.1,GET,http://localhost/www.silex.local/public/,1484088863,,200
3708eb,127.0.0.1,GET,http://localhost/www.silex.local/public/,1484089045,,200
601c9d,127.0.0.1,GET,http://localhost/www.silex.local/public/,1484143044,,200
ab8c30,127.0.0.1,GET,http://localhost/www.silex.local/public/playlist/0,1484143086,,302
1b0198,127.0.0.1,GET,http://localhost/www.silex.local/public/,1484143087,,200
cb7bad,127.0.0.1,GET,http://localhost/www.silex.local/public/,1484143814,,200
ecc175,127.0.0.1,GET,http://localhost/www.silex.local/public/,1484143858,,500
b99532,127.0.0.1,GET,http://localhost/www.silex.local/public/,1484143985,,200
803c21,127.0.0.1,GET,http://localhost/www.silex.local/public/playlist,1484143994,,500
03f568,127.0.0.1,GET,http://localhost/www.silex.local/public/,1484144054,,200
bedb72,127.0.0.1,POST,http://localhost/www.silex.local/public/api,1484144059,,201
fe26a5,127.0.0.1,GET,http://localhost/www.silex.local/public/playlist,1484144067,,500
adeba3,127.0.0.1,GET,http://localhost/www.silex.local/public/playlist,1484144100,,500
e022d9,127.0.0.1,GET,http://localhost/www.silex.local/public/playlist,1484144101,,500
a6683c,127.0.0.1,GET,http://localhost/www.silex.local/public/playlist,1484144102,,500
3207a1,127.0.0.1,GET,http://localhost/www.silex.local/public/playlist,1484144125,,200
3c0b0e,127.0.0.1,GET,http://localhost/www.silex.local/public/playlist,1484144177,,200
b4ea03,127.0.0.1,GET,http://localhost/www.silex.local/public/playlist,1484144190,,200
ca2cbf,127.0.0.1,GET,http://localhost/www.silex.local/public/playlist,1484144192,,200
3dfdac,127.0.0.1,GET,http://localhost/www.silex.local/public/playlist,1484144222,,200
91618c,127.0.0.1,GET,http://localhost/www.silex.local/public/,1484144235,,200
4006e8,127.0.0.1,GET,http://localhost/www.silex.local/public/playlist,1484144250,,200
ac63a3,127.0.0.1,GET,http://localhost/www.silex.local/public/playlist,1484144263,,200
a4cb95,127.0.0.1,GET,http://localhost/www.silex.local/public/playlist,1484144365,,200
64f9a0,127.0.0.1,GET,http://localhost/www.silex.local/public/playlist,1484144404,,200
94e6d2,127.0.0.1,GET,http://localhost/www.silex.local/public/playlist,1484144411,,200
7e273a,127.0.0.1,GET,http://localhost/www.silex.local/public/playlist,1484144413,,200
8722f0,127.0.0.1,GET,http://localhost/www.silex.local/public/playlist,1484144414,,200
91635e,127.0.0.1,GET,http://localhost/www.silex.local/public/playlist,1484144641,,200
114a83,127.0.0.1,GET,http://localhost/www.silex.local/public/playlist,1484144658,,200
6cbc64,127.0.0.1,GET,http://localhost/www.silex.local/public/playlist,1484144688,,200
427ed3,127.0.0.1,GET,http://localhost/www.silex.local/public/,1484144739,,200
fed7fa,127.0.0.1,GET,http://localhost/www.silex.local/public/playlist,1484144741,,200
6c47d9,127.0.0.1,GET,http://localhost/www.silex.local/public/playlist,1484144812,,200
373ad8,127.0.0.1,GET,http://localhost/www.silex.local/public/playlist,1484144830,,200
297d3e,127.0.0.1,GET,http://localhost/www.silex.local/public/,1484145005,,200
47bc3e,127.0.0.1,GET,http://localhost/www.silex.local/public/,1484145541,,200
061dc3,127.0.0.1,GET,http://localhost/www.silex.local/public/,1484147489,,200
b23883,127.0.0.1,GET,http://localhost/www.silex.local/public/,1484149621,,200
308e0f,127.0.0.1,GET,http://localhost/www.silex.local/public/,1484149635,,200
f79ec3,127.0.0.1,GET,http://localhost/www.silex.local/public/,1484213430,,200
8bec5e,127.0.0.1,GET,http://localhost/www.silex.local/public/,1484214067,,200
4aec23,127.0.0.1,GET,http://localhost/www.silex.local/public/,1484214133,,200
4f1d9a,127.0.0.1,GET,http://localhost/www.silex.local/public/,1484214153,,200
4c4901,127.0.0.1,GET,http://localhost/www.silex.local/public/,1484214248,,200
7cd3b1,127.0.0.1,GET,http://localhost/www.silex.local/public/,1484214264,,200
4d4e69,127.0.0.1,GET,http://localhost/www.silex.local/public/,1484214300,,200
524491,127.0.0.1,GET,http://localhost/www.silex.local/public/,1484214331,,200
194ab2,127.0.0.1,GET,http://localhost/www.silex.local/public/,1484214345,,200
648c41,127.0.0.1,GET,http://localhost/www.silex.local/public/,1484214496,,200
8f7501,127.0.0.1,GET,http://localhost/www.silex.local/public/,1484214561,,200
fc78d0,127.0.0.1,GET,http://localhost/www.silex.local/public/,1484214585,,200
02669a,127.0.0.1,GET,http://localhost/www.silex.local/public/playlist,1484215002,,200
b06ed1,127.0.0.1,GET,http://localhost/www.silex.local/public/playlist,1484215064,,200
4f3e08,127.0.0.1,GET,http://localhost/www.silex.local/public/playlist,1484215066,,200
832233,127.0.0.1,GET,http://localhost/www.silex.local/public/playlist,1484215067,,200
ec155c,127.0.0.1,GET,http://localhost/www.silex.local/public/playlist,1484215081,,200
17dc54,127.0.0.1,GET,http://localhost/www.silex.local/public/playlist,1484215111,,200
342508,127.0.0.1,GET,http://localhost/www.silex.local/public/playlist,1484215112,,200
62e392,127.0.0.1,GET,http://localhost/www.silex.local/public/playlist,1484215158,,200
d742d2,127.0.0.1,GET,http://localhost/www.silex.local/public/playlist,1484215181,,200
55b610,127.0.0.1,GET,http://localhost/www.silex.local/public/playlist,1484215316,,200
48df7e,127.0.0.1,GET,http://localhost/www.silex.local/public/playlist,1484215354,,200
731e68,127.0.0.1,GET,http://localhost/www.silex.local/public/playlist,1484215385,,200
d6a7a2,127.0.0.1,GET,http://localhost/www.silex.local/public/playlist,1484215387,,200
220528,127.0.0.1,GET,http://localhost/www.silex.local/public/playlist,1484215406,,200
29542d,127.0.0.1,GET,http://localhost/www.silex.local/public/playlist,1484215411,,200
1e2153,127.0.0.1,GET,http://localhost/www.silex.local/public/playlist,1484215437,,200
fafc5a,127.0.0.1,GET,http://localhost/www.silex.local/public/playlist,1484215447,,200
f5334b,127.0.0.1,GET,http://localhost/www.silex.local/public/playlist,1484215464,,200
b2c1c1,127.0.0.1,GET,http://localhost/www.silex.local/public/playlist,1484215515,,200
edeb87,127.0.0.1,GET,http://localhost/www.silex.local/public/playlist,1484215551,,200
65671c,127.0.0.1,GET,http://localhost/www.silex.local/public/playlist,1484215615,,200
f31513,127.0.0.1,GET,http://localhost/www.silex.local/public/playlist,1484215634,,200
0d0eea,127.0.0.1,GET,http://localhost/www.silex.local/public/playlist,1484215644,,200
5308b3,127.0.0.1,GET,http://localhost/www.silex.local/public/playlist,1484215661,,200
e00005,127.0.0.1,GET,http://localhost/www.silex.local/public/playlist,1484215679,,200
16cb01,127.0.0.1,GET,http://localhost/www.silex.local/public/playlist,1484215695,,200
141d8e,127.0.0.1,GET,http://localhost/www.silex.local/public/playlist,1484215796,,200
4ceffd,127.0.0.1,GET,http://localhost/www.silex.local/public/playlist,1484215803,,200
86cc8e,127.0.0.1,GET,http://localhost/www.silex.local/public/playlist,1484215841,,200
dcc292,127.0.0.1,GET,http://localhost/www.silex.local/public/playlist,1484215858,,200
b8319b,127.0.0.1,GET,http://localhost/www.silex.local/public/playlist,1484215868,,200
9cb70a,127.0.0.1,GET,http://localhost/www.silex.local/public/playlist,1484215893,,200
9e95a7,127.0.0.1,GET,http://localhost/www.silex.local/public/playlist,1484215910,,200
b04a92,127.0.0.1,GET,http://localhost/www.silex.local/public/playlist,1484215974,,200
b78970,127.0.0.1,GET,http://localhost/www.silex.local/public/playlist,1484215981,,200
9b2886,127.0.0.1,GET,http://localhost/www.silex.local/public/[object%20Object],1484215981,,404
0a1a21,127.0.0.1,GET,http://localhost/www.silex.local/public/playlist,1484215987,,200
f65085,127.0.0.1,GET,http://localhost/www.silex.local/public/[object%20Object],1484215996,,404
844ced,127.0.0.1,GET,http://localhost/www.silex.local/public/playlist,1484216012,,200
f20fee,127.0.0.1,GET,http://localhost/www.silex.local/public/[object%20Object],1484216038,,404
3ee637,127.0.0.1,GET,http://localhost/www.silex.local/public/playlist,1484216038,,200
119a5c,127.0.0.1,GET,http://localhost/www.silex.local/public/playlist,1484216052,,200
3ab8bd,127.0.0.1,GET,http://localhost/www.silex.local/public/,1484216056,,200
95cdae,127.0.0.1,GET,http://localhost/www.silex.local/public/undefined,1484216062,,404
3127e2,127.0.0.1,POST,http://localhost/www.silex.local/public/api,1484216062,,500
772c3a,127.0.0.1,GET,http://localhost/www.silex.local/public/undefined,1484216063,,404
10179f,127.0.0.1,POST,http://localhost/www.silex.local/public/api,1484216063,,500
93e04e,127.0.0.1,GET,http://localhost/www.silex.local/public/,1484216123,,200
2f5a5b,127.0.0.1,GET,http://localhost/www.silex.local/public/undefined,1484216129,,404
5a0b47,127.0.0.1,POST,http://localhost/www.silex.local/public/api,1484216129,,201
60a89c,127.0.0.1,GET,http://localhost/www.silex.local/public/undefined,1484216136,,404
9d4050,127.0.0.1,POST,http://localhost/www.silex.local/public/api,1484216136,,201
4bf140,127.0.0.1,GET,http://localhost/www.silex.local/public/undefined,1484216144,,404
466fdd,127.0.0.1,POST,http://localhost/www.silex.local/public/api,1484216144,,201
29bc7a,127.0.0.1,GET,http://localhost/www.silex.local/public/playlist,1484216148,,200
